id,filename,Status
100433,Industrial+decolourization+by+laccase+from+ligninolytic+fungi_.txt,Initial
101128,Phenolic+Effluent+Bioremediation+in+ALRs_.txt,Initial
101440,Bioremediation+of+direct+blue+14+and+extracellular+ligninolytic+enzyme+production+by+white+rot+fungi%3A+Pleurotus+Spp._.txt,Initial
101663,Bio-remediation+of+colored+industrial+wastewaters+by+the+white-rot+fungi+Phanerochaete+chrysosporium+and+Pleurotus+ostreatus+and+their+enzymes_.txt,Initial
101968,Decolourisation+and+detoxification+in+the+fungal+treatment+of+textile+wastewaters_.txt,Initial
100473,Comparison+of+ALR+and+Other+Bioreactor+Configurations+for+Phenolic+Removal_.txt,Initial
100753,Biodegradation+of+azo+dyes+by+white+rot+fungi_.txt,Initial
100771,Synthetic+dye+decolorization+capacity+of+white+rot+fungus+Dichomitus+squalens_.txt,Initial
100952,Textile+dye+degradation+by+white+rot+fungi_.txt,Initial
101266,Biodegradation+of+textile+dyes+by+fungi+isolated+from+North+Indian+field+soil_.txt,Initial
101476,Biodecolourization+of+azo+anthraquinonic+and+triphenylmethane+dyes+by+white+rot+fungi_.txt,Initial
101746,Azo+dye+%28direct+blue%29+decolorization+by+immobilized+extracellular+enzymes+of+Pleurotus+species_.txt,Initial
101927,Mikroelem-terhel%C3%A9shatasa+a+repc%C3%A9rekarbon+to+scsernozjomtalajon_.txt,Initial
102230,Oxygen+Mass+Transfer+in+ALRs+with+Different+Spargers_.txt,Initial
102700,Biodegradation+of+triphenylmethane+dye+Malachite+Green+by+Sphingomonas+paucimobilis_.txt,Initial
102819,Electron+transfer+between+liver+microsomal+cytochrome+b5+and+cytochrome+p450+in+the+azoreductase+reaction_.txt,Initial
102924,The+role+of+Mn-dependent+peroxidase+in+dye+decolorization+by+Irpex+lacteus_.txt,Initial
100151,Reactor+Performance+in+Airlift+Reactors_.txt,Initial
100356,Decolourization+of+azo+dyes+and+a+dye+industry+effluent+by+white+rot+fungus+Thelephora+sp._.txt,Initial
101269,Transformation+of+Indigo+carmine+by+Phanerochaete+chrysosporium+ligninolytic+enzymes_.txt,Initial
101466,Decolorization+of+azo+dyes+and+a+dye+industry+effluent+by+a+white+rot+Fungi+Thelephora+sp_.txt,Initial
101470,Combined+Membrane-Ring+Sparger+Design+in+Bioreactors_.txt,Initial
101474,Decolorization+of+industrial+dyes+by+lignolytic+microorganisms+isolated+from+composting+environment_.txt,Initial
101611,Studies+on+the+production+of+enzymes+by+white-rot+fungi+for+the+decolourisation+of+textile+dyes_.txt,Initial
101945,Biodegradation+and+biosorption+for+decolorization+of+synthetic+dyes+by+Funalia+trogii_.txt,Initial
102164,The+role+of+Mn-dependent+peroxidase+in+dye+decolorization+by+static..._.txt,Initial
102444,Stimulation+of+ligninolytic+enzyme+production+and+the+ability+to+decolourize+poly+R-478_.txt,Initial
102483,Biodegradation+of+synthetic+dyes+by+Irpex+lacteus+under+various+growth+conditions_.txt,Initial
102552,The+evaluation+of+white+rot+fungi+in+the+decoloration+of+textile+dyes_.txt,Initial
102713,Decolorization+of+azo%2C+triphenylmethane%2C+heterocyclic+and+polymeric+dyes+by+the+lignin+peroxidase+isozymes+from+Phanerochaete+chrysosporium_.txt,Initial
102801,Fungal+dye+decolorization%3A+recent+advances+and+future+potential_.txt,Initial
100095,Evaluation+of+ALRs+in+Bioremediation+of+Phenolic+Effluents_.txt,Initial
100219,Decolourization+of+synthetic+dyes+using+rice+straw+attached+Pleurotus+ostreatus_.txt,Initial
100558,Decolorization+of+azo+dye+R016+in+different+reactors+by+immobilized+Irpex+lacteus_.txt,Initial
100715,Decolorization+of+three+acid+dyes+by+enzymes+from+fungal+strains_.txt,Initial
100834,Capacity+of+Irpexlacteus+and+Pleurotusostreatus+for+decolorization+of+chemically+different+dyes_.txt,Initial
100906,Development+of+bioreactor+systems+for+decolorization+of+orange+II+using+white+rot+fungus_.txt,Initial
101084,Malachite+green+and+crystal+violet+decolorization+by+Ganoderma+lucidum+and+Pleurotus+ostreatus_.txt,Initial
101274,Biodegradation+of+Congo+red+by+Phanerochaete+chrysosporium_.txt,Initial
101986,Decolorization+of+textile+azo+dyes+by+newly+isolated+halophilic+and+halotolerant+bacteria_.txt,Initial
102001,Decolorization+and+detoxification+of+textile+dyes+with+a+laccase+from+Trametes+hirsuta_.txt,Initial
102079,Removal+of+Phenolic+Monomers+from+Solution+by+T.+pubescens_.txt,Initial
102154,Decolorization+and+degradation+of+synthetic+dyes+on+the+mycelium+of+Trametes+versicolor_.txt,Initial
102246,Effect+of+Environmental+Condition+on+Biological+Decolorization+of+Textile+Dyestuff+by+C.+versicolor_.txt,Initial
102293,New+approach+to+improve+degradation+of+recalcitrant+azo+dyes+by+Streptomyces+spp.+and+Phanerochaete+chrysosporium_.txt,Initial
102409,Development+of+a+Combined+Membrane-Ring+Sparger+for+Efficient+Gas+Utilization_.txt,Initial
102847,Decolorization+of+azo+dyes+and+simulated+dye+bath+wastewater+using+acclimatized+microbial+consortium--biostimulation+and+halo+tolerance_.txt,Initial
100024,Indigo+degradation+with+purified+laccases+from+Trametes+hirsuta+and+sclerotim+rolfsii_.txt,Initial
100032,Degradation+of+dyes+by+white+rot+fungi_.txt,Initial
100042,Microbial+decolorization+of+azo+dyes+and+a+dye+industry+effluent+by+Fomes+lividus_.txt,Initial
100172,Decolorization+of+textile+dyes+by+white-rot+fungi_.txt,Initial
100186,Biological+oxidations+of+organic+compounds+by+enzymes+from+a+white+rot+fungus_.txt,Initial
100200,Biological+decolorization+of+dye+solution+containing+malachite+green+by+Pandoraea+sp._.txt,Initial
100383,Decolouration+of+textile+dyes+by+fungal+pellets_.txt,Initial
100620,Role+of+brown-rot+fungi+in+the+bioremoval+of+azo+dyes+under+different+conditions_.txt,Initial
100995,Evaluation+of+Argentinean+white+rot+fungi+for+their+ability+to+produce+lignin-modifying+enzymes+and+decolourise+industrial+dyes_.txt,Initial
100997,Decolourazation+of+azo+dyes+by+white+rot+fungi+%28WRF%29+isolated+in+Singapore_.txt,Initial
101111,Metabolites+from+the+biodegradation+of+triphenylmethane+dyes+by+Trametes+versicolor+or+laccase_.txt,Initial
101312,Decolorization+of+mixtures+of+different+reactive+textile+dyes+by+the+white-rot+basidiomycete+Phanerochaete+sordida+and+inhibitory+effect+of+polyvinyl+alcohol_.txt,Initial
101553,HPLC+and+spectrophotometric+analysis+of+biodegradation+of+azo+dyes+by+Pleurotus+ostreatus_.txt,Initial
101695,Statistical+optimization+for+decolorization+of+textile+dyes+using+Trametes+versicolor_.txt,Initial
101702,Dye+removal+by+low+cost+adsorbents%3A+Hazelnut+shells+in+comparison+with+wood+sawdust_.txt,Initial
102097,The+decolorisation+of+a+chemical+industry+effluent+by+white-rot+fungi_.txt,Initial
102165,Biodegradation+of+methyl+red+by+Bacillus+sp.+strain+UN2%3A+decolorization+capacity%2C+metabo.._.txt,Initial
102209,Decolorization+of+synthetic+dyes+and+production+of+manganese-dependent+peroxidase+by+new+fungal+isolates_.txt,Initial
102281,Bubble+Size+and+Gas+Recirculation+in+ALRs_.txt,Initial
102485,Isolation+and+screening+of+basidiomycetes+with+high+peroxidative+activity_.txt,Initial
102667,Decolorization+of+synthetic+dyes+by+white-rot+fungi%2C+Enzyme+and..._.txt,Initial
102834,Kinetics+of+wheat+straw+solid-state+fermentation+with+Trametes+versicolor+and+Pleurotus+ostreatus%3A+lignin+and+polysaccharide+alteration+of+related+enzymatic+activities_.txt,Initial
102854,Development+of+an+Airlift+Reactor+System+for+Bioremediation_.txt,Initial
102941,Decolourization+of+synthetic+dyes+by+solid+state+cultures+of+Lentinula+%28Lentinus%29+edodes+producing+manganese+peroxidase+as+the+main+lignolytic+enzyme_.txt,Initial
100309,Decolorization+of+textile+dyes+by+white+rot+fungi_.txt,Initial
100585,The+role+of+Mn-dependent+peroxidase+in+dye+decolorization+by+static+and+agitated+cultures+of+Irpex+lacteus_.txt,Initial
100664,Decolorization+of+different+textile+dyes+by+isolated+Aspergillus+niger_.txt,Initial
100821,Evaluation+of+support+materials+for+the+surface+immobilization+and+decolourization+of+amaranth+by+Trametes+versicolor_.txt,Initial
100987,Decolorization+of+malachite+green+by+two+fungal+microorganisms_2008.txt,Initial
101444,Biodegradation+of+azo+and+heterocyclic+dyes+by+Phanerochaete+chrysosporium_.txt,Initial
101795,Effect+of+environmental+condition+on+biological+decolorization+of+textile+dyestuff+by+C.+versicolor_.txt,Initial
101934,Removal+of+Congo+red+from+an+aqueous+solution+by+fungus+Aspergillus+niger_.txt,Initial
101978,Induction+of+Laccase+by+Phenolic+Effluent_.txt,Initial
102044,Biodegradation+of+a+model+azo+disperse+dye+by+the+white+rot+fungus+Pleurotus+ostreatus_.txt,Initial
102155,Development+of+a+Rubber+Membrane+Sparger_.txt,Initial
102295,Decolorization+of+anthraquinone-type+dye+by+bilirubin+oxidase-producing+non+ligninolytic+fungus+Myrothecium+sp.+IMER1_.txt,Initial
102609,Decolorization+of+polymeric+dyes+by+a+novel+Penicillium+isolate_.txt,Initial
102619,Decolorization+of+textile+dyes+by+laccases+from+a+newly+isolated+strain+of+Trametes+modesta_.txt,Initial
102784,Contribution+of+lignin+degrading+enzymes+in+decolourisation+and+degradation+of+reactive+textile+dyes_.txt,Initial
102810,Decolorization+of+synthetic+textile+dyes+by+Phlebia+tremellosa_.txt,Initial
100145,Studies+of+adsorptive+interaction+between+Aspergillus+niger+and+the+reactive+azo+dye+procion+blue+MX-G_.txt,Initial
100583,Decolorization+of+azo+dyes+by+fungi_.txt,Initial
100927,Removal+of+a+dye+from+aqueous+solution+by+the+fungus+Aspergillus+niger_.txt,Initial
101246,Decolorization+and+detoxification+of+triphenylmethane+dyes+by+isolated+endophytic+fungus%2C+Bjerkandera+adusta+SWUSI4+under+non-nutritive+conditions_.txt,Initial
101395,Decolourization+of+Solar+golden+yellow+R+direct+textile+dye+by+Schizophyllum+commune+IBL-06_.txt,Initial
101509,Fungal+dye+decolourization%3A+Recent+advances+and+future+potential_.txt,Initial
101546,Decolorization+of+reactive+dye+by+white+rot+fungs+Dattronia+sp.+KAPI0039_.txt,Initial
101738,Decolonization+of+azo+and+triphenylmethane+dyes+by+Pycnoporus+sanguineus+producing+laccase+as+the+sole+phenol+oxidase_.txt,Initial
102261,Study+of+enhancement+and+inhibition+phenomena+and+genes+relating+to+degradation+of+petroleum+polycyclic+aromatic+hydrocarbons+in+isolated+bacteria_.txt,Initial
102424,Screening+of+novel+laccase+producers-isolation+and+characterization+of+cold-adapted+laccase+from+Kabatiella+bupleuri+G3+capable+of+synthetic+dye+decolorization_.txt,Initial
100094,Decolorization+of+textile+dyes+by+Phanerochaete+chrysosporium+and+Pleurotus+sajorcaju_.txt,Initial
100307,Decolorization+of+triphenylmethane+dyes+by+the+bird%27s+nest+fungus..._.txt,Initial
100818,Comparison+of+two+bacterial+azoreductases+acquired+during+adaptation+to+growth+on+azo+dyes..._.txt,Initial
101049,Competition+strategies+for+the+decolourization+of+a+textile-reactive+dye+with+the+white-rot+fungi+Trametes+versicolor+under+non-sterile+conditions_.txt,Initial
101355,Screening+of+novel+laccase+producers+-+Isolation+and+characterization+of+cold-adapted+laccase+from+Kabatiella+bupleuri+G3+capable+of+synthetic+dye+decolorization_.txt,Initial
102254,Kinetics+of+Oxygen+Utilization+in+Bioreactors_.txt,Initial
102291,Phenolic+azo+dye+oxidation+by+laccase+from+Pyriculariaoryzae_.txt,Initial
102344,White+rot+fungi%3A+an+ingenious+army+for+environmental+protection_.txt,Initial
102360,Effect+of+incubation+method+on+the+growth+suppression+of+bacteria+or+fungi+for+dye+degraded+by+Phanerochaete+chrysosporium_.txt,Initial
102419,Airlift+Reactor+Design+for+T.+pubescens+Culture_.txt,Initial
102484,Decolorization+of+azo%2C+triphenylmethane+and+anthraquinone+dyes+by+a+newly+isolated+Trametes+sp.+SQ01+and+its+laccase_.txt,Initial
102558,Decolorization+of+textile+dyes+and+their+effluents+using+white+rot+fungi_.txt,Initial
102722,Mineralization+of+the+sulfonated+azo+dye+Mordant+Yellow+3+by+a+bacterial+consortium_.txt,Initial
100544,Decolorization+of+dye+by+wood+rotting+basidiomycete+fungi_.txt,Initial
100577,Biodegradation+of+bioaccessible+textile+azo+dyes+by+Phanerochaete+chrysosporium_.txt,Initial
100880,Mineralization+of+the+sulfonated+azo+dye+mordant+yellow+3+by+6-aminonaphthalene-2-sulfonate-degrading+bacterial+consortium_.txt,Initial
101316,Removal+of+a+dye+from+aqueoussolution+by+the+fungus+Asperillus+niger_.txt,Initial
101401,Declourization+of+Sulfonphtaleindyes+by+Manganese+Peroxidase+activity+of+the+White-Rot+fungus+Phanerochaete+chrysoporium_.txt,Initial
101650,Continuous+production+of+lignin+peroxidase+by+immobilized+Phanerochaete+chrysosporium+in+a+pilot+scale+bioreactor_.txt,Initial
101834,Synergistic+action+of+azoreductase+and+laccase+leads+to+maximal+decolourization+and..._.txt,Initial
101861,Biodegradation+of+azo+dyes+by+the+lignin-degrading+fungus+Phanerochaete+chrysosporium_.txt,Initial
102460,Decolonization+of+diverse+industrial+dyes+by+some+Phlebia+spp.+and+their+comparison+with+Phaerochaetechrysosporium_.txt,Initial
102544,Kinetic+and+Equilibrium+Studies+on+In-Situ+Biosorption+of+Reactive+Blue+140+Dye+by+Live+Biomass+Preparation+of+Aspergillus+niger+HM11_.txt,Initial
102586,Ligninolytic+ability+and+potential+biotechnology+application+of+the+South+American+fungus+Pleurotus+laciniatocrenatus_.txt,Initial
100429,Reductive+decolorization+of+indigo+carmine+dye+with+Bacillus+sp.+MZS10_.txt,Initial
100893,Effect+of+Glucose+Addition+on+Laccase+Production_.txt,Initial
101043,Induction+of+ligninolytic+enzyme+production+by+Dichomitus+squalens+on+various+types+of+immobilization+support_.txt,Initial
101123,Decoloration+of+a+carpet+dye+effluent+using+Trametes+versicolor_.txt,Initial
101494,Laccase+Production+in+Airlift+Reactor_.txt,Initial
101741,Reductive+decolorization+of+indigo+carmine+dye+with+Bacillus+sp.+MZS10_2015.txt,Initial
101757,Non-enzymatic+reduction+of+azo+dyes+by+NADH_.txt,Initial
101886,Biodegradation+ability+and+catabolic+genes+of+petroleum-degrading+Sphingomonas+koreensis+strain+ASU-06+isolated+from+Egyptian+oily+soil_.txt,Initial
102025,Development+of+a+bioreactor+system+using+an+immobilized+white+rot+fungus+for+decolourization%2C+Part+II%3A+Continuous+decolourization+tests_.txt,Initial
102258,Trichoderma+asperellum+laccase+mediated+crystal+violet+degradation-Optimization+of+experimental+conditions+and+characterization_.txt,Initial
102510,Screening+of+white+rot+fungi+for+the+treatment+of+olive+mill+wastewaters_.txt,Initial
102820,mp-2.txt,Initial
100420,Enhancement+of+Laccase+Production+in+Trametes+pubescens_.txt,Initial
100547,Removal+of+humic+acid+fraction+by+Rhizopus+arrhizus%3A+uptake+and+kinetic+studies_.txt,Initial
100968,Lignin+peroxidase-catalyzed+oxidation+of+sulfonated+azo+dyes+generates+novel+sulfophenyl+hydroperoxides_.txt,Initial
101191,Transformation+of+industrial+dyes+by+manganese+peroxidases+from+Bjerkandera+adusta+and+Pleurotus+eryngii+in+a+manganese-independent+reaction_.txt,Initial
101258,Non-enzymatic+reduction+of+azo+dyes+by+NAD%28P%29H_.txt,Initial
101844,Biotransformation+of+poly+R-478+by+continuous+cultures+of+PVAL-encapsulated+Trametes+versicolor+under+non-sterile+conditions_.txt,Initial
102122,Biological+decolorization+of+reactive+textile+dye+yellow+CRG_.txt,Initial
102139,Halides+reduce+dye+decolorization+by+reacting+with+hydroxyl+radicals_.txt,Initial
102203,Effect+of+carbon+sources+on+dye+decolorization_.txt,Initial
102947,Reactive+blue+19+decolouration+by+laccase+immobilized+on+silica+beads_.txt,Initial
100130,Fed+Batch+Experiment+for+Laccase+Production_.txt,Initial
100563,Catalytic+behavior+and+detoxifying+ability+of+an+a+typical+homotrimericlaccase+from+the+thermophilic+strain+Scytalidium+thermophilum+on+selected+azo+and+triarylmethane+dyes_.txt,Initial
100717,Investigation+on+rate-determining+factors+in+the+microbial+reduction+of+azo+dyes_.txt,Initial
100931,Declourization+of+Sulfonphtaleindyes+by+Manganese+Peroxidase+activity+of+the+White+%E2%80%93Rot+fungus+Phanerochaete+chrysoporium_.txt,Initial
101083,Effect+of+a+non-ionic+surfactant%2C+Merpol%2C+on+dye+decolorization+of+Reactive+blue+19+by+laccase_.txt,Initial
101257,Reactor+Design+for+Bioremediation+Applications_.txt,Initial
101314,Influence+of+aromatic+substitution+patterns+on+azo+dye+degradability+by+Streptomyces+spp.+and+Phanerochaete+chrysosporium_.txt,Initial
101411,Catalytic+behavior+and+detoxifying+ability+of+an+atypical+homotrimeric+laccase+from+the+thermophilic+strain+Scytalidium+thermophilum+on+selected+azo+and+triarylmethane+dyes_.txt,Initial
101792,Decolorization+of+triphenylmethane+dyes+by+Kurthia+species_.txt,Initial
102339,Enzyme+Activity+Measurements+in+Fungal+Cultures_.txt,Initial
102923,Mineralization+of+the+sulfonated+azo+dye+mordant+yellow+3+by+a+6-aminophthalene-2-sulfonated-degrading+bacterial+consortium_.txt,Initial
100586,Malignant+transformation+by+malachite+green_.txt,Initial
100597,The+effect+of+pH+on+azo+dye+reduction+by+NADH_.txt,Initial
100612,New+safety+and+rapid+method+for+extraction+of+genomic+DNA+from+bacteria+and+yeast+strains+suitable+for+PCR+amplifications_.txt,Initial
101047,Reduction+of+azo+dyes+by+zero-valent+iron+metal_.txt,Initial
101280,Recent+advances+in+azo+dye+degrading+enzyme+research..._.txt,Initial
102745,Chemical+pretreatment+and+aerobic%E2%80%93anaerobic+degradation+of+textile+dye+wastewater_.txt,Initial
102894,Recent+advances+in+azo+dye+degrading+enzyme+research_.txt,Initial
100333,Effects+of+Mn2%2B+and+NH4%2B+concentrations+on+laccase+and+manganese+peroxidase+production+and+amaranth+decoloration+by+Trametes+versicolor_.txt,Initial
100882,Decolorization+of+synthetic+dyes+by+laccase+immobilized+on+epoxy-activated+carriers_.txt,Initial
101627,Investigation+of+rate-determination+factors+in+the+microbial+reduction+of+azo+dyes_.txt,Initial
101842,Enhancement+of+dye+oxidation+in+the+presence+of+nitrate_.txt,Initial
102030,Control+of+Pellet+Morphology+in+Fluidized+Bed+Reactor_.txt,Initial
100160,Biodegradation+of+azo+dyes+in+a+sequential+anaerobic-aerobic+system_.txt,Initial
100465,Isolation+and+Characterization+of+Aeromonas+sp.+B-5+capable+of+decolorizing+various+dyes_.txt,Initial
100609,Microbial+decolorization+and+degradation+of+textile+dye_.txt,Initial
101027,Treatment+of+dye+industry+effluent+using+free+and+immobilized+cyanobacteria_.txt,Initial
101253,Fed-batch+decolourisation+of+poly+R+478+by+Trametes+versicolor_.txt,Initial
102466,Investigating+the+potential+of+intracellular+mineral+inclusions+in+microalgae+as+a+novel+bioremediation+method+for+radioactive+90Sr+water+pollution_.txt,Initial
102730,Triphenylmethane+reductase+from+Citrobacter+species_.txt,Initial
102799,Decolorization+of+azo+dyes+in+a+sequential+anaerobic-aerobic+system_.txt,Initial
102893,Degradation+of+sulfonated+azo+dyes+and+sulfanilic+acid+by+Phanerochaete+chrysosporium+and+Streptomyces+chromofuscus_.txt,Initial
102944,Biodegradation+of+crystal+violet+by+Aeromonas+hydrophila_.txt,Initial
100368,Dye+biosorption+sites+in+Aspergillus+niger_.txt,Initial
100723,Reactive+dye+bioaccumulation+by+Saccharomyces+cerevisiae_.txt,Initial
100729,Mechanistic+study+of+the+biodegradation+of+triphenylmethane+dyes_.txt,Initial
101050,Induction+of+Laccase+Production+by+T.+pubescens+with+Phenolic+Effluent_.txt,Initial
101520,Decolorization+of+triphenylmethane+dyes+by+Aeromonas+hydrophila_.txt,Initial
101597,Application+of+T.+pubescens+in+Large+Scale+Waste+Treatment_.txt,Initial
101815,Decolorization+of+molasses+and+a+dye+by+a+newly+isolated+strain+of+the+fungus+Geotrichum+candidum+Dec+1_.txt,Initial
102066,Improved+decolorization+of+triphenylmethane+dyes+by+halo-thermotolerant+bacteria+isolated+from+hypersaline+environments_.txt,Initial
102428,New+pathway+for+degradation+of+sulfonated+azo+dyes+by+microbial+peroxidases+of+Phanerochaete+chrysosporium+and+Streptomyces+chromofuscus_.txt,Initial
102535,Enzymatic+reduction+and+oxidation+of+fibre-bound+azo-dyes_.txt,Initial
102876,Biotransformation+of+azo+dye+by+bacterial+laccase_.txt,Initial
100735,Decolorization+of+synthetic+dyes+by+solid+state+culture+of+Lentinula+%28Lentinus%29+edodes+producing+manganese+peroxidase+as+the+main+lignolytic+enzyme_.txt,Initial
100988,Dye+decolorization+and+detoxification+by+laccase+immobilized+on+porous+glass+beads_.txt,Initial
101144,A+continuous+spectrophotometric+determination+of+hepatic+microsomal+azo+reductase+activity+and+its+dependence+on+cytochrome+P-450_.txt,Initial
101723,Isolation+and+identification+of+diisopropylnaphthalene+isomers+in+the+alkylation+products+of+naphthalene_.txt,Initial
101941,Characterization+and+use+of+a+bacterial+lignin+peroxidase+with+an+improved+manganese-oxidative+activity_.txt,Initial
100236,Enzymatic+transformation+of+nitro-aromatic+compounds+by+a+flavin-free+NADH+azoreductase+from+Lysinibacillus+sphaericus_.txt,Initial
101583,Molecular+cloning%2C+characterisation+and+ligand-bound+structure_.txt,Initial
101921,Identification+of+NAD%28P%29H+quinone+oxidoreductase+activity+in+azoreductases+from+Pseudomonas+aeruginosa_.txt,Initial
102111,Molecular+cloning%2C+characterisation+and+ligand-bound+structure+of+an+azoreductase+from+Pseudomonas+aeruginosa_.txt,Initial
102192,Biodegradation+of+triphenylmethane%2C+azo+and+anthraquinone+dyes_.txt,Initial
102486,Decolorization+and+biodegradation+of+triphenylmethane+dyes+by+a+novel+Rhodococcus+qingshengii+JB301+isolated+from+sawdust_.txt,Initial
102888,Decolorization+of+triphenylmethane+dyes+by+a+newly+isolated+Aeromonas+hydrophila+strain_.txt,Initial
101925,Biodegradation+of+crystal+violet+by+Pseudomonas+putida_.txt,Initial
102740,Degradation+of+azo+dye+Mordant+Yellow+10+in+a+sequential+bioaugmented+anaerobic+bioreactor_.txt,Initial
100026,Mechanism+of+triphenylmethane+dye+biodegradation_.txt,Initial
100132,Decolorization+of+triphenylmethane%2C+azo+and+anthraquinone+dyes..._.txt,Initial
100197,Oxidative+Biodegradation+of+an+Anthraquinone+Dye%2CPigment+Violet+12%2C+by+Coriolus+versicolor_.txt,Initial
100841,Heterologous+expression+and+characterization+of+laccase+2+from+Coprinopsiscinerea+capable+of+decolourizing+different+recalcitrant+dyes_.txt,Initial
101564,Biosurfactant+production+and+growth+kinetics+studies+of+the+waste+canola+oil-degrading+bacterium+Rhodococcus+erythropolis+AQ5-07+from+Antarctica_.txt,Initial
102047,Color+removal+from+molasses+wastewater+by+Aspergillus+niger_.txt,Initial
102049,Degradation+and+decolourization+potential+of+an+ligninolytic+enzyme+producing+Aeromonas+hydrophila+for+crystal+violet+dye+and+its+phytotoxicity+evaluation_.txt,Initial
102279,Biodegradation+and+Biosorption+of+Acid+Anthraquinone+Dye_.txt,Initial
102335,Pathways+for+triphenylmethane+dye+biodegradation_.txt,Initial
102420,Purification+and+characterization+of+triphenylmethane+reductase+from+Citrobacter+species_.txt,Initial
102507,Electrolyte+effect+on+hydrolysed+reactive+dye+binding+to+quaternized+cellulose_.txt,Initial
102602,Detoxification+of+orange+II+by+Streptomyces+ipomoea_.txt,Initial
102674,Novel+pathway+for+degradation+of+crystal+violet+by+Mycobacterium+smegmatis_.txt,Initial
102886,Redox+titration+of+CotA+laccase_.txt,Initial
100001,Characterization+of+the+genes+for+enzymes+involved+in+the+degradation+of+azo+dyes+by+nocardioforms_.txt,Initial
100686,Biodegradation+of+triphenylmethane+dye+crystal+violet+by+Cedecea+davisae_.txt,Initial
102150,Triphenylmethane+reductase+from+Citrobacter+sp._.txt,Initial
102870,Gene+responsible+for+triphenylmethane+dye+mineralization+in+M.+smegmatis_.txt,Initial
100113,Operational+optimization+of+batchwise+nutrient+removal+from+wastewater+by+carrageenan+immobilized+Chlorella+vulgaris_.txt,Initial
101601,Biodegradation+and+biosorption+of+acid+anthraquinone+dye_.txt,Initial
101656,Decolorization%2C+degradation+and+azo-reductase+study+by+bacterial+transformation+of+reactive+red+HE8b_.txt,Initial
101672,Decolorization+of+triphenylmethane%2C+azo+and+anthraquinone+dyes+by+a+newly+isolated+Aeromonas+hydrophila+strain_.txt,Initial
101955,Biodegradation+of+triphenylmethane+dyes+by+Mycobacterium+smegmatis_.txt,Initial
102202,Biotreatment+of+anthraquinone+dye+Dicromarene+Blue%2C+K2RL_.txt,Initial
102301,Genes+involved+in+dye+decolorization_.txt,Initial
102426,Biodegradation+of+acid+blue+113+containing+textile+effluent+by+constructed+aerobic+bacterial+consortia_.txt,Initial
102618,Isolation+and+characterization+of+a+novel+halotolerant+laccase+from+Streptomyces+ipomoea_.txt,Initial
100658,Isolation+of+a+bacterial+strain+with+the+ability+to+utilize+the+sulfonated+azo+compound+4-carboxy-4%27-sulfoazobenzene+as+the+sole+source+of+carbon+and+energy_.txt,Initial
101188,Physiological+Characterization+of+Azo+Dye+Reduction_.txt,Initial
101763,Decolorization+of+triphenylmethane+dyes+by+Citrobacter+species_.txt,Initial
101859,Mechanistic+insight+into+triphenylmethane+dye+degradation_.txt,Initial
102072,Mineralization+of+triphenylmethane+dye+by+Mycobacterium+smegmatis_.txt,Initial
102277,Biodegradation+of+crystal+violet+by+Bacillus+sp._.txt,Initial
102727,Characterization+of+two+hydrogen+peroxide+resistant+peroxidases+from+Rhodococcus+opacus+1CP_.txt,Initial
100133,Biodegradation+of+Turquoise+Blue+Dye+by+Bacillus+megaterium+isolated+from+industrial+Effluent_.txt,Initial
101667,Biodegradation+of+azo+dyes+by+Citrobacter+species_.txt,Initial
101933,Biodegradation+of+azo+dye+C.I.+Acid+Red+88+by+an+anoxic-aerobic+sequential+bioreactor_.txt,Initial
102662,Biotechnologically+relevant+enzymes+and+proteins+enzymatic+reduction+of+azo+and+indigoid+compounds_.txt,Initial
101145,Decolorization+and+detoxification+of+textile+dyes+using+a+versatile+Streptomyces+laccase-natural+mediator+system_.txt,Initial
101291,Cloning+of+a+triphenylmethane+reductase+gene+from+Citrobacter+sp.+KCTC+18061P_.txt,Initial
101380,Biodegradation+of+triphenylmethane+and+azo+dyes+by+Citrobacter+sp.+MY-5_.txt,Initial
101579,Biodecolorization+of+azo+and+indigoid+compounds+by+various+bacteria_.txt,Initial
101734,Biological+treatment+of+textile+%26+dye+%E2%80%93stuff+with+a+special+emphasis+on+triphenylmethane+dyes_.txt,Initial
100697,Mechanism+of+triphenylmethane+dye+reduction_.txt,Initial
100970,Synergistic+action+of+azoreductase+and+laccase+leads+to+maximal+decolourization+and+detoxification+of+model+dye-containing+wastewaters_.txt,Initial
101205,Optimization+of+environmental+parameters+on+microbial+degradation+of+Reactive+Black+dye_.txt,Initial
101390,Malachite+green+and+crystal+violet+decolorization+by+Ganoderma+lucidum+and+Pleurotus+ostreatus+supernatant+and+by+rGlLCC1+and+rPOXA+1B+concentrates%3A+Molecular+docking+analysis_.txt,Initial
101606,Mechanisms+of+azo+reduction+by+Streptococcus+faecalis.+II.+The+role+of+soluble+flavins_.txt,Initial
102002,A+new+alkali-thermostable+azoreductase+from+Bacillus+sp+strain+SF_.txt,Initial
102041,High+removal+of+toxic+crystal+violet+dye+using+a+thermally+treated+activated+carbon+fiber+felt_.txt,Initial
100286,Alternative+pathways+for+radical+dissipation+in+an+active+site+mutant+of+B12-dependent+methylmalonyl-CoA+mutase_.txt,Initial
101064,Complete+biodegradation+of+the+azo+dye+azodisalicylate+under+anaerobic+conditions_.txt,Initial
101117,Azo+dye+decolorization+by+whole+bacterial+cells+under+anaerobic+conditions_.txt,Initial
101165,Biodegradation+pathway+of+crystal+violet_.txt,Initial
101435,Removal+of+nitrate+from+water+by+foam-immobilized+Phormidium+laminosum+in+batch+and+continuous-flow+bioreactors_.txt,Initial
101478,Synthetic+dye+decolorization+by+three+sources+of+fungal+laccase_.txt,Initial
101637,Biodegradation+of+triphenylmethane%2C+azo+dye+and+latex+rubber+by+actinomycetes_.txt,Initial
101652,Inferring+the+evolutionary+relationship+of+23+Malaysian+Rhodococcus+isolates+with+potential+as+cholesterol+degrading+bacteria_.txt,Initial
101701,Kinetic+study+approach+of+remazol+black-B+use+for+the+development+of+two-stage+anoxic-oxic+reactor+for+decolorization%2Fbiodegradation+of+azo+dyes+by+activated+bacterial+consortium_.txt,Initial
102039,Biological+treatment+of+textile+%26+dye-stuff+with+a+special+emphasis+on+triphenylmethane+dyes_.txt,Initial
100104,A+New+Alkali-Thermostable+Azoreductase+from+Bacillus+sp.+Strain+SF_.txt,Initial
100284,Identification+of+genes+required+for+crystal+violet+decolorization+in+Citrobacter+sp.+MY-5_.txt,Initial
100525,Changes+in+microbial+communities+of+a+passive+coal+mine+drainage+bioremediation+system_.txt,Initial
101034,Pathways+of+reductive+degradation+of+crystal+violet+in+wastewater+using+free-strain+Burkholderia+vietnamiensis+C09V_.txt,Initial
101122,Transformation+of+industrial+dyes+by+manganese+peroxidases+from+Bjerkandera+adusta_.txt,Initial
101432,Cloning+of+a+Duganella+sp.+gene+encoding+for+a+synthase+responsible+for+dye+degradation_.txt,Initial
102125,Biodegradation+of+Malachite+Green+by+Kocuria+rosea+MTCC+1532_.txt,Initial
102217,Studies+on+triphenymethane%2C+azo+dye+and+latex+rubber+biodegradation+by+actinomycetes_.txt,Initial
102548,Microbial+degradation+and+decolorization+of+Reactive+Dyes+by+Bacillus+Spp.+ETL-1979_.txt,Initial
102826,Enhanced+methylene+blue+decolourization+by+Rhodococcus+strain+UCC+0003+grown+in+banana+peel+agricultural+waste+through+response+surface+methodology_.txt,Initial
102908,Development+of+pLR591%2C+a+Streptomyces-E.+coli+positive+selection+shuttle+vector_.txt,Initial
100221,Biodegradation+of+high+molecular+weight+PAHs+using+isolated+yeast+mixtures%3A+application+of+metagenomic+methods+for+community+structure+analyses_.txt,Initial
100652,Physiological+Characterization+of+Azo+Dye+Reduction+in+Enterococcus+faecalis_.txt,Initial
100842,The+potential+of+sustainable+algal+biofuel+production+using+wastewater+resources_.txt,Initial
101600,Identification+and+characterization+of+genetic+elements+from+Amycolatopsis+species+contributing+to+triphenylmethane+decolorization_.txt,Initial
101820,Dyes+decolorized+by+combined+SlivCV+clones_.txt,Initial
101880,Characterization+of+rubber+degrading+isolates+and+the+cloning+of+DNA+conferring+an+apparent+latex+degrading+ability_.txt,Initial
101965,Biodegradation+of+azo+dyes+in+the+absence+of+a+mediator_.txt,Initial
102340,Microbial+degradation+of+Textile+Dye+%28Remazol+Black+B%29+by+Bacillus+sp.+ETL-2012_.txt,Initial
102942,Biodegradation+of+triphenylmethane+dyes+by+Rhodococcus+erythropolis+C2_.txt,Initial
100232,Identification+of+bacteria+using+partial+16S+rRNA+sequences_.txt,Initial
100261,Improving+the+indigo+carmine+decolorization+ability+of+a+Bacillus+amyloliquefaciens+laccase+by+site-directed+mutagenesis_.txt,Initial
100543,Biochemical+characterization+of+a+novel+azo+reductase+named+BVU5+from+the+bacterial+flora+D.._.txt,Initial
100593,Enzymatic+reduction+of+azo+and+indigoid+compounds..._.txt,Initial
100718,Purification+and+partial+characterization+of+azoreductase+from+Enterobacter+agglomerans..._.txt,Initial
100870,Characterization+of+the+decolorizing+activity+of+azo+dyes+by+Bacillus+subtilis+azoreductase..._.txt,Initial
101147,Investigations+into+the+azo+reducing+activity+of+a+common+colonic+microorganism_.txt,Initial
102117,Cloning+of+genes+for+enzymes+involved+in+the+degradation+of+azo+dyes+by+nocardioforms_.txt,Initial
102136,Assessment+of+biological+decolorization+and+degradation+of+sulfonated+di-azo+dye+acid+maroon+V+by+isolated+bacterial+consortium+EDPA_.txt,Initial
102239,Biochemical+characterization+of+a+novel+azo+reductase+named+BVU5+from+the+bacterial+flora+DDMZ1%3A+application+for+decolorization+of+azo+dyes_.txt,Initial
102377,Construction+of+broad+host+range+positive+selection+vectors_.txt,Initial
102418,The+purification+and+characterization+of+an+Aeromonas+hydrophila+NAD%28P%29H+dependent+oxygenase_.txt,Initial
102729,Cloning+of+genes+for+dye+decolorization_.txt,Initial
102735,Biodegradation+of+1%2C1%2C1-Trichloro-2%2C2-Bis%284-chlorophenyl%29+Ethane+%28DDT%29+by+brown-rot+fungi_.txt,Initial
100637,Enzymatic+reduction+of+azo+and+indigoid+compounds_.txt,Initial
101320,Mechanisms+of+azo+reduction+by+Streptococcus+faecalis_.txt,Initial
101469,Evaluation+of+solid+waste+stratified+mixtures+as+constructed+wetland+fillers+under+different+operation+modes_.txt,Initial
102235,Identification+and+characterization+of+a+gene+responsible+for+amido+black+decolorization+isolated+from+A.+orientalis_.txt,Initial
102435,Decolorization+of+triphenylmethane+and+azo+dyes+by+Aeromonas+hydrophila_.txt,Initial
102663,Purification+and+characterization+of+azoreductases_.txt,Initial
102706,Mechanisms+of+azo+reduction+by+Streptococcus+faecalis.+I.+Optimization+of+assay+conditions_.txt,Initial
100008,Induction+of+Laccase+Production+by+T.+pubescens_.txt,Initial
100624,Comparison+of+S.+lividans+dye+degrading+capacity+against+clone+SlivAM1_.txt,Initial
100663,Characterization+of+optimal+pH%2C+temperature+and+carbon+source+utilization+of+enzyme+for+dye+biodegradation_.txt,Initial
101035,Dye+decolorization+by+Kurthia+sp._.txt,Initial
101403,Biodegradation+of+crystal+violet+by+Citrobacter+sp.+strain+KCTC+18061P%3A+Purification%2C+characterization%2C+gene+cloning%2C+and+overexpression+of+a+functional+protein+in+Escherichia+coli_.txt,Initial
101632,Closest+protein+matches+to+isolated+sequences_.txt,Initial
101837,Assessment+of+biological+decolorization+and+degradation+of+sulfonated+di-azo+dye..._.txt,Initial
101920,The+function+of+cytoplasmic+flavin+reductases+in+the+reduction+of+azo+dyes+by+bacteria_.txt,Initial
102570,Lignin-degrading+enzymes+of+the+commercial+button+mushroom%2C+Agaricus+bisporus_.txt,Initial
102897,Isolation+and+characterization+of+relevant+microorganisms_.txt,Initial
100105,Dyes+decolorized+by+combined+SQ1CV+clones_.txt,Initial
100124,Characterization+of+rubber+degrading+isolates_.txt,Initial
100488,Optimization+of+pH+and+retention+time+on+the+removal+of+nutrients+and+heavy+metal+%28zinc%29+using+immobilized+marine+microalga+Chlorella+Marina_.txt,Initial
100646,Inhibition+of+laccase+activity+from+Trametes+versicolor+by+heavy+metals+and+organic+comp.._.txt,Initial
100755,Biodecolorization+of+textile+azo+dye+using+Bacillus+sp.+strain+CH12+isolated+from+alkaline+lake_.txt,Initial
100800,Potential+of+bacteria+for+biological+decolorization+and+degradation+of+synthetic+dyes.+Recent+advances+in+biotechnology%2C+Recent+Trend+in+Biotechnology_.txt,Initial
101293,Molecular+approaches+for+bacterial+azoreductases_.txt,Initial
101515,Purification+and+partial+characterization+of+azoreductase+from+Enterobacter+agglomerans_.txt,Initial
101745,Some+properties+of+azoreductase+produced+by+Pseudomonas+cepacia_.txt,Initial
101935,Decolorization+of+Azo%2C+triphenylmethane+and+anthraquinone+dyes+by+laccase+of+a+newly+isolated+Armillaria+sp.+F022_.txt,Initial
102354,Mechanism+of+triphenylmethane+biodegradation_.txt,Initial
102376,Decolorization%2C+degradation+and+detoxification+of+carcinogenic+sulfonated+azo+dye+methyl+orange+by+newly+developed+biofilm+consortia_.txt,Initial
102678,Screening+for+antimicrobial+compounds+from+soil+isolates_.txt,Initial
102734,Immune+and+physiological+responses+of+three+species+of+marine+microalgae+to+heavy+metals_.txt,Initial
102737,Azoreductase+linked+to+heavy+metal+resistance_.txt,Initial
102879,Crystal+structure+of+an+aerobic+FMN-dependent+azoreductase_.txt,Initial
102899,Adaptation+of+conventional+Rhodococcus+spp.+PEG-mediated+transformation+procedure+for+use+with+S.+lividans+and+the+generation+of+S.+lividans+mutants+capable+of+regenerating+in+liquid+broth_.txt,Initial
100016,Biodegradation+of+triphenylmethane+dyes+by+Streptomyces+spp._.txt,Initial
100360,Molecular+and+Cellular+Biology+Techniques+for+Dye+and+Rubber+Biodegradation_.txt,Initial
100382,Characterization+of+genes+for+enzymes+involved+in+the+degradation+of+azo+dyes_.txt,Initial
100592,Isolation+and+characterization+of+microbial+strain+AZO29+capable+of+azo+dye+decolourization_.txt,Initial
100611,Biodegradation+of+azo+and+triphenylmethane+dyes+by+Amycolatopsis+orientalis_.txt,Initial
100768,Development+of+a+Classification+Scheme+using+a+Secondary+and+Tertiary+Amino+Acid+Analysis+of+Azoreductase+Gene_.txt,Initial
101358,Characterization+of+genes+for+enzymes+involved+in+azo+dye+degradation_.txt,Initial
101522,Biological+decolorization+and+degradation+of+synthetic+dyes%3A+a+green+step+toward..._.txt,Initial
101542,Biodegradation+of+1%2C1%2C1-Trichloro-2%2C2-bis%284-chlorophenyl%29+ethane+%28DDT%29+by+brown-rot+fungi_.txt,Initial
101698,Decolorization+of+triphenylmethane+dyes+by+Kurthia+sp._.txt,Initial
101769,Rf+values+calculated+from+TLC_.txt,Initial
102051,Purification+and+partial+characterization+of+azoreductase+from+Enterobacter+agglomerans_2003.txt,Initial
102194,Studies+on+triphenylmethane%2C+azo+dye+and+latex+rubber+biodegradation+by+actinomycetes_.txt,Initial
102365,Maximum+concentration+of+dye+decolorizable+by+strain+SY6_.txt,Initial
102388,Decolorization%2C+degradation+and+detoxification+of+carcinogenic+sulfonated+azo+dye..._.txt,Initial
102583,Decolorization+by+mixed+cultures+of+strain+SY6+and+live+or+dead+strain+A3%282%29_.txt,Initial
102708,Decolorization+of+triphenylmethane+azo+dyes+by+Citrobacter+sp._2002.txt,Initial
102762,Crystal+structure+of+an+aerobic+FMN-dependent+azoreductase+%28AzoA%29+from+Enterococcus+faecalis_.txt,Initial
102765,Studies+on+the+biodegradation+of+dyes+and+rubber+by+actinomycetes%3A+a+comprehensive+overview_.txt,Initial
102920,Decolorization+of+triphenylmethane%2C+azo+dye+and+latex+rubber+by+actinomycetes_.txt,Initial
100021,Role+of+azoreductase+in+dye+degradation_.txt,Initial
100295,Identification+and+characterization+of+a+gene+responsible+for+amido+black+decolorization_.txt,Initial
100553,Purification+and+characterization+of+an+oxygen+insensitive+azoreductase+from+Pseudomonas+.._.txt,Initial
100633,Sorption+and+desorption+studies+of+chromium+%28VI%29+from+nonviable+cyanobacterium+Nostoc+muscorum+biomass_.txt,Initial
100639,Decolorization+and+detoxification+of+sulfonated+azo+dye+CI+Remazol+red+and+textile+effluent+by+isolated+Lysinibacillus+sp.+RGS_.txt,Initial
100645,Suitable+N%2FP+molar+ratios+for+wastewater_.txt,Initial
100756,Characterization+of+the+genes+involved+in+the+degradation+of+azo+dyes+by+nocardioforms_.txt,Initial
101051,Development+of+a+classification+scheme+using+a+secondary+and+tertiary..._.txt,Initial
101092,Reduction+of+azo+food+dyes+in+cultures+of+Proteus+vulgaris_.txt,Initial
101197,Bacterial+degradation+of+dichloromethane_.txt,Initial
101202,Cloning+and+characterization+of+the+gene+coding+for+the+aerobic+azoreductase+from+Pigmentiphaga+kullae+K24_.txt,Initial
101364,Summary+of+open+reading+frame+prediction+of+pAM1+insert+using+Entrez+PubMed+blastx_.txt,Initial
101669,Purification+and+partial+characterization+of+two+azoreductases+from+Shigella+dysenteriae+Type+1_.txt,Initial
101822,Detoxification+of+azo+dyes+by+a+novel+pH-versatile%2C+salt-resistant+laccase+from+Streptomyces+ipomoea_.txt,Initial
102099,Biological+decolorization+and+degradation+of+synthetic+dyes%3A+a+green+step+toward+sustainable+environment_.txt,Initial
102146,Comparison+of+R.+erythropolis+SQ1+dye+degrading+capacity+against+clone+SQ1AM1_.txt,Initial
102148,Decolorization+and+detoxification+of+textile+dyes_.txt,Initial
102267,Isolation+and+characterization+of+microbial+strain+AZO29+capable+of+azo+dye+decolorization_.txt,Initial
102770,Biodegradation+of+mixed+textile+dyes+by+bacterial+strain+isolated+from+dye+waste+effluent_.txt,Initial
102829,Biotransformation+of+malachite+green+by+Saccharomyces+cerevisiae_.txt,Initial
102869,Biodegradation+of+triphenylmethane+and+azo+dyes+by+Citrobacter+spp._.txt,Initial
102904,Cloning+of+triphenylmethane+reductase_.txt,Initial
100349,Microbiological+removal+of+crystal+violet+dye+by+Bacillus+subtilis+ETL-2211_.txt,Initial
100371,Lateral+gene+transfer+in+phylogeny+of+azoreductase+system_.txt,Initial
100373,Adaptation+of+conventional+Rhodococcus+spp.+PEG-mediated+transformation+procedure_.txt,Initial
100396,Purification+and+identification+of+an+FMN-dependent+NAD%28P%29H+azoreductase+from+Enterococc.._.txt,Initial
100432,Cloning+of+a+Duganella+sp.+gene+encoding+for+a+synthase_.txt,Initial
100436,Microbial+decolorization+of+azo+dyes+by+Proteus+mirabilis_.txt,Initial
100460,Biomass+concentration+in+PACT+process_.txt,Initial
100500,Biodecolorization+of+textile+azo+dye+using+Bacillus+sp.+strain+CH12+isolated+from+alkaline+lake..._.txt,Initial
101182,Development+of+a+classification+scheme+using+amino+acid+analysis+of+azoreductase+gene_.txt,Initial
101354,Activity+of+azoreductase+and+dye+detoxification_.txt,Initial
101458,Cloning%2C+sequencing%2C+and+growth+phase-dependent++transcription++of++the++coenzyme++F420-dependent++N5%2C++N10-methylenetetrahydromethanopterin+++reductase-encoding++genes+from+Methanobacterium+thermoaut_.txt,Initial
101533,Characteristics+and+purification+of+an+oxygen+insensitive+azoreductase+from..._.txt,Initial
101760,Decolorization+of+Navitan+fast+blue+S5R+by+Pseudomonas+aeruginosa_.txt,Initial
101862,Characteristics+of+two+classes+of+azo+dye+reductase+activity+associated+with+rat+liver+microsomal+cytochrome+P450_.txt,Initial
101878,Cloning+of+a+Duganella+sp.+gene+encoding+for+a+synthase%2C+whose+activity+is+responsible++for+the+degradation+of+the+triphenylmethane+dye%2C+Brilliant+green_.txt,Initial
102031,Methylene+blue+staining+for+nerve-sparing+operative+procedures%3A+An+animal+model_.txt,Initial
102037,Crystallography+of+azoreductases+with+NAD%28P%29H+binding+pocket_.txt,Initial
102319,Identification+and+molecular+characterization+of+a+novel+flavin-free+NADPH+preferred+azoreductase+encoded+by+azoB+in+Pigmentiphaga+kullae+K24_.txt,Initial
102338,Preliminary+characterization+of+A.+orientlis+phytase+activity_.txt,Initial
102747,Biodegradation+of+dyes+by+Citrobacter+spp.+MY-5_.txt,Initial
100198,Potential+of+bacteria+for+biological+decolorization+and+degradation+of+synthetic+dyes..._.txt,Initial
100509,Degradation+of+Phenolic+Compounds+in+Bioreactors_.txt,Initial
100911,Characterization+of+the+genes+for+enzymes+involved+in+the+degradation..._.txt,Initial
101104,Decolorization+and+azo+dye+degradation+by+anaerobic%2Faerobic+sequential+process_.txt,Initial
101166,Characteristics+and+purification+of+an+oxygen+insensitive+azoreductase+from+Caulobacter+subvibrioides+strain+C7-D_.txt,Initial
101218,Biochemical+and+molecular+characterization+of+an+azoreductase+from+Staphylococcus+aureus%2C+a+tetrameric+NADPH-dependent+flavoprotein_.txt,Initial
101422,Analysis+of+16S+rRNA+gene+sequences+for+species+identification_.txt,Initial
101633,Identification%2C+Isolation+and+Characterization+of+a+Novel+Azoreductase+from+Clostridium+Perfringens_.txt,Initial
101767,Identification+and+characterization+of+genetic+elements+from+Amycolatopsis+species_.txt,Initial
102380,Removal+of+methylene+blue+and+malachite+green+from+aqueous+solution+by+Chlorella+and+Chlamydomonas+species+isolated+from+a+thermal+spring+environment_.txt,Initial
102523,Peptone-induced+biodecolorization+of+Reactive+Brilliant+blue+%28KN-R%29+by+Rhodocycus+gelatinosus+XL-1_.txt,Initial
102661,Biodegradation+of+triphenylmethane+dyes+by+Aeromonas+hydrophila_.txt,Initial
102669,Purification+and+partial+characterization+of+two+azoreductases+from+Shigella+dysenteriae+type+1_.txt,Initial
102672,Biodegradation+and+detoxification+of+crystal+violet+by+Amycolatopsis..._.txt,Initial
102696,Preliminary+characterization+of+A.+orientalis+phytase+activity_.txt,Initial
102787,Degradation+of+acid+orange+7+in+an+aerobic+biofilm_.txt,Initial
102836,Cloning+of+a+Duganella+sp.+gene+encoding+for+a+synthase%2C+whose+activity+is+responsible+for+the+degradation+of+the+triphenylmethane+dye%2C+Brilliant+green_.txt,Initial
102901,Experimental+study+for+growth+potential+of+unicellular+alga+Chlorella+pyrenoidosa+on+dairy+wastewater_.txt,Initial